1;No. of trade facilitation initiatives developed for MS and RECs;Quantitative
2;No. of MS and RECs implementing AUDA-NEPAD trade facilitation initiatives;Quantitative
3;No. of corridor development investment plans developed;Quantitative
4;No. of advisory services provided to MS and RECs for AfCFTA implementation;Quantitative
5;No. of MS and RECs Operationalizing AIDA implementation framework;Quantitative
6;No. of MS and RECs with AUDA-NEPAD enabled policy and business environment;Quantitative
7;PIDA priority action plan II approved and project selection and preparation launched;Qualitative
8;AUDA-NEPAD infrastructure delivery model developed and rolled out;Qualitative
9;No. of Agenda 2063 FTYIP flagship projects accelerated;Quantitative
10;No of centres of excellence set up or strengthened for economic integration;Quantitative
11;No. of economic integration guidelines and toolkits development;Quantitative
12;No. of MS and RECs implementing AUDA-NEPAD economic integration guidelines and tools;Quantitative
13;No. of norms and standards developed by AUDA-NEPAD;Quantitative
14;No. of MS and RECs adopting and using AUDA-NEPAD norms and standards;Quantitative
15;No. of knowledge products and services shared and applied by MS and RECs to advance economic integration;Quantitative
16;Amount of financial resources mobilized for economic integration projects and programmes;Quantitative
17;No. of national and regional institutions strengthened for project and programme implementation;Quantitative
18;No. of education, training and specialized skills development institutions reformed and strengthened in MS and within regions;Quantitative
19;No. of educational curricula reformed and aligned to the needs of modern digital economy;Quantitative
20;No of national, regional and continental centres of excellence established and/or strengthened in education, training and research;Quantitative
21;No of entrepreneurship development programmes developed and implemented by MS and RECs;Quantitative
22;No. of digital skills development labs established or strengthened;Quantitative
23;No. of trade facilitation capacity building programmes implemented for AfCFTA;Quantitative
24;No. of STI and fourth industrial revolution capacity building programmes development and implemented in support of STISA 2024;Quantitative
25;No. of MS and RECs in which CESA 2025 implementation framework is domesticated;Quantitative
26;No. of MS and RECs in which the framework for harmonization of statistics in Africa is domesticated;Quantitative
27;No. of MS and RECs in which the framework for Decent Work for the Transformation of the Informal Economy is domesticated;Quantitative
28;No. of MS and RECs in which AUDA-NEPAD improved policies and strategies for social protection and welfare;Quantitative
29;Amount of financial resources mobilized for project and programme development and implementation;Quantitative
30;No. of new national and regional agriculture and food security investment plans developed and implemented;Quantitative
31;No. of MS and RECs assisted to access food-systems technologies;Quantitative
32;No. of regulatory frameworks for national and regional food systems developed/ facilitated by AUDA-NEPAD and applied by MS and RECs;Quantitative
33;No. of MS and RECs food systems and value-chain infrastructure reformed and enhanced by AUDA-NEPAD;Quantitative
34;No. of MS and RECs assisted with improved strategies for food systems risks management;Quantitative
35;No. of small-holder farmers’ platforms set up by AUDA-NEPAD for access to markets;Quantitative
36;No. of countries in which AUDA-NEPAD rural transformation and smart village model programmes are implemented;Quantitative
37;No. of MS and RECs assisted by AUDA-NEPAD with frameworks and access to technologies for smart agriculture;Quantitative
38;No. of MS and RECs assisted by AUDA-NEPAD with territorial and spatial planning;Quantitative
39;No. of MS assisted with enhanced access to infrastructural services in rural communities;Quantitative
40;Amount of financial resources mobilized for project and programme development and implementation;Quantitative
41;No. of MS and RECs domesticating and implementing Africa Bio-energy policy framework ;Quantitative
42;No. of MS and RECs assisted by AUDA-NEPAD to increase energy production capacity;Quantitative
43;No of RECs assisted by AUDA-NEPAD to enhance development and implementation regional energy development strategies and systems;Quantitative
44;No. of MS and RECs assisted to develop policy frameworks and strategies for renewable energy development;Quantitative
45;No. of Independent Power Producers in Africa with capacity strengthened by AUDA-NEPAD;Quantitative
46;No. of AUDA-NEPAD research conducted on alternative energy sources in Africa and shared with MS and RECs;Quantitative
47;No. of energy regulatory frameworks whose development was facilitated by AUDA-NEPAD at MS and RECs levels;Quantitative
48;Amount of financial resources mobilized for project and programme development and implementation;Quantitative
49;No of countries and RECs assisted with mitigation strategies and capacities including technology transfer;Quantitative
50;No of countries and RECs applying AUDA-NEPAD facilitated adaptation practices to reduce climate effects, vulnerabilities and increase productive capacity;Quantitative
51;No of countries and RECs assisted by AUDA-NEPAD to access climate financing (GCF);Quantitative
52;No of countries assisted with improved rural infrastructure resilience;Quantitative
53;No of countries assisted by AUDA-NEPAD to apply sustainable and nature-based practices of land, water, forest and biodiversity management;Quantitative
54;No of countries and RECs assisted to institutionalized enhanced integrated resources planning processes;Quantitative
55;No of countries and RECs assisted to develop capacity for monitoring resource use and management ;Quantitative
56;No of countries and RECs assisted to develop financing instruments and tools for investment programmes;Quantitative
57;No of countries and RECs assisted to mainstream land governance in their sectoral investment plans;Quantitative
58;No of countries assisted to develop and apply water harvesting smart technologies for productive use;Quantitative
59;No of countries and RECs assisted to strengthen governance and management skills for contract negotiation, geological and minerals data survey and legal frameworks;Quantitative
60;No of countries and RECs assisted to enhance entrepreneurial skills for ecotourism development;Quantitative
61;No of communities that benefited from AUDA-NEPAD facilitated ecotourism development programmes;Quantitative
62;No of countries and RECs assisted to strengthen capacity for adaptation and resilience;Quantitative
63;No of countries and RECs assisted to set up or enhance their disaster management early warning systems;Quantitative
64;No of common African positions facilitated by AUDA-NEPAD during negotiations on UNFCCC, COFI, CBD, Desertification, etc.;Quantitative
65;No of countries and RECs assisted to develop databases and provided technical support to report on global commitments;Quantitative
66;No of technical support provided to AMCEN;Quantitative
67;No of support provided for the conduct of independent environmental impact assessment for key transboundary projects;Quantitative
68;No of countries and RECs assisted to develop and implement waste management and pollution control strategies;Quantitative
69;Amount of financial resources mobilized for project and programme development and implementation;Quantitative
70;Rate of harnessing and use of existing and emerging technologies for economic development and wellbeing by MS;Quantitative
71;No. of countries and RECs assisted to enhance their data processing, analysis and management capabilities;Quantitative
72;No. of countries and RECs assisted to strengthen competencies and skills in innovation systems ;Quantitative
73;No. of innovation hubs and scientific research facilities established or strengthened for scientific discoveries in MS and regions;Quantitative
74;No. of STI entrepreneurship opportunities created in MS and regions;Quantitative
75;No. of support provided to MS and RECs in STEM education, training and science development;Quantitative
76;No of collaborative platforms set up or strengthened in science, technology and innovation in MS and RECs;Quantitative
77;No of collaborative programmes facilitated in science, technology and innovation in MS and RECs;Quantitative
78;No. of countries and RECs assisted to enhance capacity for development, management and negotiation of STI related issues;Quantitative
79;Amount of financial and technical resources mobilized for STI initiatives;Quantitative
80;No. of Staff skills audit conducted, report approved and recommendations implemented;Quantitative
81;HR development plan produced, approved and implemented;Qualitative
82;Adequacy of staff complement met;Qualitative
83;Workload analysis integrated in works plans;Qualitative
84;Development of the Enterprise Risk Management ;Qualitative
85;Procurement process reviewed and reformed;Qualitative
86;Digitalization plan developed, approved and implemented;Qualitative
87;Balanced scorecard developed, approved and used as a guide in planning and management;Qualitative
88;Organization-wide performance measurement system and indicators in place;Qualitative
89;Staff health and overall wellbeing enhanced;Qualitative
90;Operational Cost per Employee, as a Percentage of Overall Total Expenses;Quantitative
91;Average Information Processing-Cycle Time for Decision Making;Quantitative
92;Average Procurement Request Turnaround  Time for Programmatic and Operational Delivery;Quantitative
93;No. of AUDA-NEPAD Operational Processes Improvements per Annum;Quantitative
94;Levels of AUDA-NEPAD Communication Effectiveness;Qualitative
95;AUDA-NEPAD Research/Knowledge Generation and Utilization Expenses as a percentage of Total Expenses;Quantitative
96;No. of Tailored Training Courses offered to AUDA-NEPAD Staff;Quantitative
97;Employee Attrition or Turnover Rate;Quantitative